Project,NPV,IRR (%),Discounted Payback Period (years)
New Project,4803261.078788703,25.751613621871034,3.447333333333334
Upgrade Project,5005755.940664755,23.759164874132786,3.604576923076924
Incremental Project,202494.86187605112,13.45310832849548,4.5923500000000015
