Asset,Value
Asset 01,0.18818833792413725
Asset 02,0.19807395586271914
Asset 03,0.34108868496055006
Asset 04,0.0
Asset 05,0.27264902125259344
Return,0.23401607672990943
Volatility,0.26699057816632743
