Variable,Coefficient,P-Value
const,12359.948407557487,0.44837556663867906
Labor_Hours,12.083733313758785,0.05228762402623282
Machine_Hours,12.924857885539312,0.09603994129699528
Number_of_Setups,1471.5693725526883,0.018252189331348197
Batch_Size,-18.56495300228365,0.4052998232656202
Material_Movements,285.23305787489505,0.0003639948891672265
