,Labor_Hours,Machine_Hours,Number_of_Setups,Batch_Size,Material_Movements,Overhead_Cost
Labor_Hours,1.0,-0.13634338921940692,0.07560691512406706,-0.15062041585431496,0.24339038347522893,0.27709722530712094
Machine_Hours,-0.13634338921940692,1.0,0.033958073087334444,-0.03058611253524545,-0.22675673600727345,0.060554544137784945
Number_of_Setups,0.07560691512406706,0.033958073087334444,1.0,-0.0011509444345040836,-0.06052264910807529,0.21491934305474075
Batch_Size,-0.15062041585431496,-0.03058611253524545,-0.0011509444345040836,1.0,-0.11593615425294357,-0.1499032551580555
Material_Movements,0.24339038347522893,-0.22675673600727345,-0.06052264910807529,-0.11593615425294357,1.0,0.35705581190635766
Overhead_Cost,0.27709722530712094,0.060554544137784945,0.21491934305474075,-0.1499032551580555,0.35705581190635766,1.0
