Change (%),Selected_Driver,Labor_Hours,Machine_Hours,Number_of_Setups,Batch_Size,Material_Movements,Predicted_Overhead_Cost,Cost_Difference
-15,Machine_Hours,1202.887829051608,767.414,4.506925489337156,408.10379535344777,75.10040126043124,57290.98386239633,-822.9661376036529
-10,Machine_Hours,1194.8518860344052,812.556,4.514616992891438,407.48253023563177,74.27693417362083,57565.305908264214,-548.6440917357686
-5,Machine_Hours,1186.8159430172027,857.698,4.522308496445719,406.8612651178159,73.4534670868104,57839.6279541321,-274.3220458678843
0,Machine_Hours,1178.78,902.84,4.53,406.24,72.63,58113.94999999998,0.0
5,Machine_Hours,1170.7440569827975,947.9820000000001,4.5376915035542815,405.6187348821841,71.80653291318959,58388.27204586787,274.3220458678843
10,Machine_Hours,1162.7081139655947,993.1240000000001,4.545383007108563,404.9974697643682,70.98306582637917,58662.594091735744,548.6440917357613
15,Machine_Hours,1154.6721709483922,1038.2659999999998,4.553074510662844,404.3762046465523,70.15959873956875,58936.91613760362,822.9661376036383
