Class,Total_SKUs,Total_Cost,% Cost
A,16681,212125200.70999932,59.999814366053265
B,22508,88384263.38000038,24.999572789704867
C,36807,53033630.92000031,15.000612844241873
