,PCA1,PCA2
Age,0.7041918865232504,0.05129695136006985
Gender,0.05974772301158331,-0.5849669823707098
Annual Income,0.132724497898506,0.5262170843693785
Spending Score,-0.6898145426731954,0.027980804875939787
Purchase Frequency,-0.08416710119706257,0.6144061417283788
